<?xml version="1.0" encoding="UTF-8"?>
<!DOCTYPE plist PUBLIC "-//Apple//DTD PLIST 1.0//EN" "http://www.apple.com/DTDs/PropertyList-1.0.dtd"/>

<plist version="1.0">
    <dict>
        <key>ROOT</key>
        <array>
            <dict>
                <key>id</key>
                <string>107</string>
                <key>sprites</key>
                <array>
                    <string>1573</string>
                    <string>1848</string>
                    <string>1850</string>
                    <string>1849</string>
                    <string>1852</string>
                    <string>1851</string>
                    <string>1853</string>
                    <string>3568</string>
                    <string>3567</string>
                    <string>3566</string>
                    <string>3565</string>
                    <string>3564</string>
                    <string>1681</string>
                    <string>442</string>
                    <string>4311</string>
                    <string>1581</string>
                    <string>342</string>
                    <string>4318</string>
                    <string>4326</string>
                    <string>4330</string>
                    <string>2931</string>
                    <string>1576</string>
                    <string>3373</string>
                    <string>2182</string>
                    <string>1689</string>
                    <string>1613</string>
                    <string>1619</string>
                    <string>1616</string>
                    <string>1610</string>
                    <string>1589</string>
                    <string>1663</string>
                    <string>1660</string>
                    <string>3614</string>
                    <string>1604</string>
                    <string>1826</string>
                    <string>1567</string>
                    <string>1490</string>
                    <string>1484</string>
                    <string>1815</string>
                    <string>1502</string>
                    <string>1591</string>
                    <string>2116</string>
                    <string>1598</string>
                    <string>151</string>
                    <string>110</string>
                    <string>1837</string>
                    <string>2024</string>
                </array>
            </dict>
            <dict>
                <key>id</key>
                <string>1686</string>
                <key>sprites</key>
                <array>
                    <string>1685</string>
                    <string>1876</string>
                    <string>1874</string>
                    <string>1862</string>
                    <string>1861</string>
                    <string>1860</string>
                    <string>1875</string>
                    <string>1859</string>
                    <string>1858</string>
                    <string>1857</string>
                    <string>1856</string>
                    <string>1855</string>
                    <string>1854</string>
                    <string>2264</string>
                    <string>2263</string>
                    <string>2776</string>
                </array>
            </dict>
            <dict>
                <key>id</key>
                <string>1878</string>
                <key>sprites</key>
                <array>
                    <string>1883</string>
                    <string>1904</string>
                    <string>1882</string>
                    <string>1877</string>
                    <string>1884</string>
                    <string>1879</string>
                    <string>1880</string>
                    <string>1881</string>
                    <string>1903</string>
                    <string>1905</string>
                    <string>2266</string>
                    <string>2265</string>
                    <string>1906</string>
                    <string>1910</string>
                    <string>1909</string>
                    <string>1902</string>
                    <string>1901</string>
                    <string>1908</string>
                    <string>1912</string>
                    <string>1911</string>
                    <string>1907</string>
                    <string>2927</string>
                    <string>2916</string>
                </array>
            </dict>
            <dict>
                <key>id</key>
                <string>2145</string>
                <key>sprites</key>
                <array>
                    <string>2221</string>
                    <string>2232</string>
                    <string>2199</string>
                    <string>2167</string>
                    <string>2286</string>
                    <string>2268</string>
                    <string>2267</string>
                    <string>2285</string>
                    <string>2269</string>
                    <string>2272</string>
                    <string>2270</string>
                    <string>2271</string>
                    <string>2284</string>
                    <string>2144</string>
                    <string>2210</string>
                    <string>3198</string>
                    <string>2928</string>
                    <string>2932</string>
                    <string>2930</string>
                    <string>2929</string>
                </array>
            </dict>
            <dict>
                <key>id</key>
                <string>2288</string>
                <key>sprites</key>
                <array>
                    <string>2336</string>
                    <string>2312</string>
                    <string>2975</string>
                    <string>2317</string>
                    <string>2313</string>
                    <string>2337</string>
                    <string>2287</string>
                    <string>2291</string>
                    <string>2290</string>
                    <string>2289</string>
                    <string>2311</string>
                    <string>2338</string>
                    <string>2318</string>
                    <string>3021</string>
                    <string>2316</string>
                    <string>2315</string>
                    <string>2292</string>
                    <string>2314</string>
                    <string>2293</string>
                    <string>2294</string>
                    <string>2319</string>
                    <string>3007</string>
                    <string>2339</string>
                    <string>2340</string>
                    <string>2341</string>
                    <string>2344</string>
                    <string>2343</string>
                    <string>2342</string>
                    <string>2335</string>
                </array>
            </dict>
            <dict>
                <key>id</key>
                <string>2580</string>
                <key>sprites</key>
                <array>
                    <string>2592</string>
                    <string>2579</string>
                    <string>3069</string>
                    <string>3045</string>
                    <string>3040</string>
                    <string>3024</string>
                    <string>3019</string>
                    <string>3068</string>
                    <string>3046</string>
                    <string>3039</string>
                    <string>3025</string>
                    <string>3018</string>
                    <string>3070</string>
                    <string>3041</string>
                    <string>3020</string>
                    <string>3044</string>
                    <string>3023</string>
                    <string>3048</string>
                    <string>3047</string>
                    <string>3027</string>
                    <string>3026</string>
                    <string>3071</string>
                    <string>3042</string>
                    <string>3072</string>
                    <string>3043</string>
                    <string>3022</string>
                </array>
            </dict>
            <dict>
                <key>id</key>
                <string>3074</string>
                <key>sprites</key>
                <array>
                    <string>3370</string>
                    <string>3358</string>
                    <string>3316</string>
                    <string>3304</string>
                    <string>3075</string>
                    <string>3076</string>
                    <string>3073</string>
                    <string>3078</string>
                    <string>3077</string>
                    <string>3187</string>
                </array>
            </dict>
            <dict>
                <key>id</key>
                <string>3267</string>
                <key>sprites</key>
                <array>
                    <string>4228</string>
                    <string>4247</string>
                    <string>4208</string>
                </array>
            </dict>
            <dict>
                <key>id</key>
                <string>3276</string>
                <key>sprites</key>
                <array>
                    <string>4304</string>
                    <string>4297</string>
                </array>
            </dict>
            <dict>
                <key>id</key>
                <string>3331</string>
                <key>sprites</key>
                <array/>
            </dict>
        </array>
    </dict>
</plist>
