<?xml version="1.0" encoding="UTF-8"?>
<!DOCTYPE plist PUBLIC "-//Apple//DTD PLIST 1.0//EN" "http://www.apple.com/DTDs/PropertyList-1.0.dtd"/>

<plist version="1.0">
    <dict>
        <key>ROOT</key>
        <array>
            <dict>
                <key>id</key>
                <string>2273</string>
                <key>Default Animation</key>
                <dict>
                    <key>value</key>
                    <string>2275</string>
                </dict>
                <key>Jump Animation</key>
                <dict>
                    <key>value</key>
                    <string>2306</string>
                </dict>
                <key>Move Animation</key>
                <dict>
                    <key>value</key>
                    <string>2330</string>
                </dict>
                <key>Defeated Animation</key>
                <dict>
                    <key>value</key>
                    <string>2356</string>
                </dict>
                <key>components</key>
                <array>
                    <string>2279</string>
                    <string>3561</string>
                </array>
            </dict>
        </array>
    </dict>
</plist>
