<?xml version="1.0" encoding="UTF-8"?>
<!DOCTYPE plist PUBLIC "-//Apple//DTD PLIST 1.0//EN" "http://www.apple.com/DTDs/PropertyList-1.0.dtd"/>

<plist version="1.0">
    <dict>
        <key>ROOT</key>
        <array>
            <dict>
                <key>id</key>
                <string>113</string>
                <key>children</key>
                <array>
                    <string>114</string>
                </array>
            </dict>
            <dict>
                <key>id</key>
                <string>130</string>
                <key>children</key>
                <array>
                    <string>447</string>
                </array>
            </dict>
            <dict>
                <key>id</key>
                <string>154</string>
                <key>children</key>
                <array>
                    <string>155</string>
                </array>
            </dict>
            <dict>
                <key>id</key>
                <string>345</string>
                <key>children</key>
                <array>
                    <string>346</string>
                </array>
            </dict>
            <dict>
                <key>id</key>
                <string>403</string>
                <key>children</key>
                <array/>
            </dict>
            <dict>
                <key>id</key>
                <string>812</string>
                <key>children</key>
                <array/>
            </dict>
            <dict>
                <key>id</key>
                <string>838</string>
                <key>children</key>
                <array/>
            </dict>
            <dict>
                <key>id</key>
                <string>849</string>
                <key>children</key>
                <array/>
            </dict>
            <dict>
                <key>id</key>
                <string>865</string>
                <key>children</key>
                <array/>
            </dict>
            <dict>
                <key>id</key>
                <string>979</string>
                <key>children</key>
                <array>
                    <string>984</string>
                </array>
            </dict>
            <dict>
                <key>id</key>
                <string>1167</string>
                <key>children</key>
                <array/>
            </dict>
            <dict>
                <key>id</key>
                <string>1174</string>
                <key>children</key>
                <array/>
            </dict>
            <dict>
                <key>id</key>
                <string>1692</string>
                <key>children</key>
                <array>
                    <string>1693</string>
                </array>
            </dict>
            <dict>
                <key>id</key>
                <string>1818</string>
                <key>children</key>
                <array>
                    <string>1819</string>
                </array>
            </dict>
            <dict>
                <key>id</key>
                <string>1829</string>
                <key>children</key>
                <array>
                    <string>1830</string>
                </array>
            </dict>
            <dict>
                <key>id</key>
                <string>1840</string>
                <key>children</key>
                <array>
                    <string>1841</string>
                </array>
            </dict>
            <dict>
                <key>id</key>
                <string>1865</string>
                <key>children</key>
                <array>
                    <string>1866</string>
                </array>
            </dict>
            <dict>
                <key>id</key>
                <string>1896</string>
                <key>children</key>
                <array>
                    <string>1897</string>
                </array>
            </dict>
            <dict>
                <key>id</key>
                <string>1926</string>
                <key>children</key>
                <array>
                    <string>1927</string>
                </array>
            </dict>
            <dict>
                <key>id</key>
                <string>2027</string>
                <key>children</key>
                <array>
                    <string>2028</string>
                </array>
            </dict>
            <dict>
                <key>id</key>
                <string>2119</string>
                <key>children</key>
                <array>
                    <string>2120</string>
                </array>
            </dict>
            <dict>
                <key>id</key>
                <string>2148</string>
                <key>children</key>
                <array>
                    <string>2149</string>
                </array>
            </dict>
            <dict>
                <key>id</key>
                <string>2170</string>
                <key>children</key>
                <array>
                    <string>2171</string>
                </array>
            </dict>
            <dict>
                <key>id</key>
                <string>2185</string>
                <key>children</key>
                <array>
                    <string>2186</string>
                </array>
            </dict>
            <dict>
                <key>id</key>
                <string>2202</string>
                <key>children</key>
                <array>
                    <string>2203</string>
                </array>
            </dict>
            <dict>
                <key>id</key>
                <string>2213</string>
                <key>children</key>
                <array>
                    <string>2214</string>
                </array>
            </dict>
            <dict>
                <key>id</key>
                <string>2224</string>
                <key>children</key>
                <array>
                    <string>2225</string>
                </array>
            </dict>
            <dict>
                <key>id</key>
                <string>2235</string>
                <key>children</key>
                <array>
                    <string>2236</string>
                </array>
            </dict>
            <dict>
                <key>id</key>
                <string>2275</string>
                <key>children</key>
                <array>
                    <string>2276</string>
                </array>
            </dict>
            <dict>
                <key>id</key>
                <string>2306</string>
                <key>children</key>
                <array>
                    <string>2307</string>
                </array>
            </dict>
            <dict>
                <key>id</key>
                <string>2330</string>
                <key>children</key>
                <array>
                    <string>2331</string>
                </array>
            </dict>
            <dict>
                <key>id</key>
                <string>2356</string>
                <key>children</key>
                <array>
                    <string>2357</string>
                </array>
            </dict>
            <dict>
                <key>id</key>
                <string>2583</string>
                <key>children</key>
                <array>
                    <string>2584</string>
                </array>
            </dict>
            <dict>
                <key>id</key>
                <string>2595</string>
                <key>children</key>
                <array>
                    <string>2596</string>
                </array>
            </dict>
            <dict>
                <key>id</key>
                <string>2779</string>
                <key>children</key>
                <array>
                    <string>2780</string>
                </array>
            </dict>
            <dict>
                <key>id</key>
                <string>2919</string>
                <key>children</key>
                <array>
                    <string>2920</string>
                </array>
            </dict>
            <dict>
                <key>id</key>
                <string>2935</string>
                <key>children</key>
                <array>
                    <string>2936</string>
                </array>
            </dict>
            <dict>
                <key>id</key>
                <string>2978</string>
                <key>children</key>
                <array>
                    <string>2979</string>
                </array>
            </dict>
            <dict>
                <key>id</key>
                <string>3010</string>
                <key>children</key>
                <array>
                    <string>3011</string>
                </array>
            </dict>
            <dict>
                <key>id</key>
                <string>3030</string>
                <key>children</key>
                <array>
                    <string>3031</string>
                </array>
            </dict>
            <dict>
                <key>id</key>
                <string>3060</string>
                <key>children</key>
                <array>
                    <string>3061</string>
                </array>
            </dict>
            <dict>
                <key>id</key>
                <string>3081</string>
                <key>children</key>
                <array>
                    <string>3082</string>
                </array>
            </dict>
            <dict>
                <key>id</key>
                <string>3190</string>
                <key>children</key>
                <array>
                    <string>3191</string>
                </array>
            </dict>
            <dict>
                <key>id</key>
                <string>3201</string>
                <key>children</key>
                <array>
                    <string>3202</string>
                </array>
            </dict>
            <dict>
                <key>id</key>
                <string>3361</string>
                <key>children</key>
                <array>
                    <string>3362</string>
                </array>
            </dict>
            <dict>
                <key>id</key>
                <string>3376</string>
                <key>children</key>
                <array>
                    <string>3377</string>
                </array>
            </dict>
            <dict>
                <key>id</key>
                <string>3575</string>
                <key>children</key>
                <array>
                    <string>3576</string>
                </array>
            </dict>
            <dict>
                <key>id</key>
                <string>3617</string>
                <key>children</key>
                <array>
                    <string>3618</string>
                </array>
            </dict>
            <dict>
                <key>id</key>
                <string>4211</string>
                <key>children</key>
                <array>
                    <string>4212</string>
                </array>
            </dict>
        </array>
    </dict>
</plist>
